#Date,Open,High,Low,Close,Volume,Adj Close
2006-07-21,75.489998,75.50,74.50,74.860001,8372500,59.399068
2006-07-20,75.730003,75.879997,75.199997,75.480003,12214900,59.891021
2006-07-19,76.00,77.059998,76.00,76.07,14536900,60.359165
2006-07-18,73.699997,74.419998,72.730003,74.260002,8667500,58.922988
2006-07-17,73.349998,73.940002,73.199997,73.699997,6822700,58.478642
2006-07-14,74.239998,74.300003,73.370003,73.57,6957800,58.375493
2006-07-13,75.010002,75.279999,73.830002,74.239998,8754700,58.907116
2006-07-12,76.07,76.300003,74.82,75.480003,8372100,59.891021
2006-07-11,76.25,76.650002,75.440002,76.470001,6086500,60.676554
2006-07-10,76.18,76.830002,75.870003,76.669998,7154700,60.835245
2006-07-07,78.089996,78.089996,76.120003,76.419998,6641600,60.636878
2006-07-06,77.589996,78.529999,77.57,78.089996,4333100,61.961969
2006-07-05,78.00,78.389999,77.519997,77.769997,4047800,61.708059
2006-07-03,77.540001,78.269997,77.269997,78.019997,3177300,61.906426
2006-06-30,77.699997,77.93,76.790001,76.82,7911700,60.954266
2006-06-29,76.889999,77.800003,76.559998,77.589996,5448900,61.565235
2006-06-28,76.529999,76.599998,76.059998,76.559998,4392100,60.747963
2006-06-27,77.32,77.599998,76.32,76.629997,5596800,60.803505
2006-06-26,77.040001,77.519997,76.800003,77.150002,3448000,61.216112
2006-06-23,77.150002,77.839996,76.940002,77.099998,4520600,61.176437
2006-06-22,78.160004,78.370003,77.00,77.190002,5563700,61.247852
2006-06-21,77.989998,78.559998,77.980003,78.300003,5559100,62.128603
2006-06-20,77.839996,78.300003,77.25,77.989998,6124500,61.882623
2006-06-19,77.900002,78.300003,77.339996,77.669998,5302100,61.628714
2006-06-16,78.440002,78.529999,77.57,77.949997,8133500,61.850884
2006-06-15,77.849998,78.779999,76.949997,78.559998,6679400,62.3349
2006-06-14,76.93,77.849998,76.93,77.709999,6038600,61.660453
2006-06-13,77.139999,77.93,76.82,76.93,7374100,61.041548
2006-06-12,77.629997,78.089996,77.010002,77.019997,4924900,61.112958
2006-06-09,77.239998,78.099998,77.050003,77.629997,6135400,61.596974
2006-06-08,78.550003,79.580002,76.75,77.029999,13474400,61.120894
2006-06-07,79.779999,80.739998,79.120003,79.150002,7924800,62.80305
2006-06-06,79.059998,79.900002,78.50,79.760002,7250600,63.287066
2006-06-05,79.099998,80.040001,79.010002,79.059998,5555800,62.731635
2006-06-02,80.50,80.559998,79.150002,79.519997,7232300,63.096629
2006-06-01,79.889999,80.870003,79.809998,80.690002,4866500,64.024992
2006-05-31,80.150002,80.830002,79.610001,79.900002,6384900,63.398151
2006-05-30,80.349998,80.959999,80.150002,80.160004,5049100,63.604455
2006-05-26,80.160004,80.860001,79.699997,80.75,3580800,64.072599
2006-05-25,79.889999,80.18,79.650002,80.139999,3995000,63.588582
2006-05-24,79.349998,80.040001,79.059998,79.779999,7389600,63.302933
2006-05-23,80.25,81.300003,79.639999,79.830002,5006400,63.342609
2006-05-22,79.830002,80.339996,79.400002,80.019997,6250900,63.493364
2006-05-19,80.860001,81.00,79.510002,80.279999,7019100,63.699667
2006-05-18,80.50,81.349998,80.029999,80.660004,5443600,64.001189
2006-05-17,81.75,82.209999,81.019997,81.269997,5936000,64.4852
2006-05-16,83.00,83.25,82.07,82.160004,4454800,65.191392
2006-05-15,81.800003,83.150002,81.800003,82.889999,5776400,65.770621
2006-05-12,82.470001,83.690002,82.300003,82.389999,5685700,65.373887
2006-05-11,82.650002,83.089996,82.449997,82.459999,5274500,65.429429
2006-05-10,82.900002,83.330002,82.599998,82.900002,3430400,65.778558
2006-05-09,82.489998,83.290001,82.410004,83.230003,4072800,66.040404
2006-05-08,82.599998,83.220001,82.300003,82.889999,3856500,65.770621
2006-05-05,82.949997,83.339996,82.699997,83.279999,4504500,65.842031
2006-05-04,82.870003,83.089996,82.400002,82.43,3966900,65.170013
2006-05-03,82.540001,83.290001,82.449997,82.699997,5721100,65.383475
2006-05-02,82.110001,82.739998,82.00,82.419998,4336400,65.162105
2006-05-01,82.589996,83.309998,82.099998,82.230003,6011100,65.011894
2006-04-28,83.510002,83.620003,81.980003,82.339996,8201800,65.098855
2006-04-27,82.699997,84.400002,82.699997,83.879997,8174300,66.316396
2006-04-26,82.839996,83.480003,82.709999,83.349998,6648800,65.897373
2006-04-25,81.949997,82.900002,81.599998,82.669998,6856300,65.359758
2006-04-24,81.300003,82.410004,81.099998,82.110001,6604100,64.917018
2006-04-21,82.489998,82.50,81.379997,81.660004,6117400,64.561246
2006-04-20,81.650002,82.849998,81.639999,82.019997,6237200,64.84586
2006-04-19,83.949997,84.00,81.260002,81.860001,10554700,64.719366
2006-04-18,81.889999,83.529999,81.699997,83.309998,7905800,65.865748
2006-04-17,81.919998,82.919998,81.400002,81.639999,4634200,64.54543
2006-04-13,81.18,82.599998,81.120003,81.980003,4799700,64.814241
2006-04-12,81.099998,81.370003,80.629997,80.75,3905200,63.841788
2006-04-11,81.830002,82.059998,80.75,81.160004,5959700,64.165941
2006-04-10,82.269997,82.739998,82.00,82.099998,3627700,64.90911
2006-04-07,83.599998,83.800003,82.440002,82.480003,5337500,65.209546
2006-04-06,83.699997,84.32,83.360001,83.809998,4944100,66.261053
2006-04-05,83.330002,84.449997,83.32,84.169998,5523900,66.545674
2006-04-04,83.050003,83.779999,82.800003,83.449997,3853000,65.976433
2006-04-03,82.720001,83.589996,82.650002,83.059998,4121600,65.668096
2006-03-31,82.949997,83.599998,82.290001,82.470001,5862000,65.201638
2006-03-30,82.879997,83.699997,82.830002,83.199997,4467000,65.778781
2006-03-29,82.199997,83.550003,82.199997,83.129997,4392100,65.723438
2006-03-28,82.860001,83.389999,82.290001,82.43,4508600,65.170013
2006-03-27,82.980003,83.260002,82.580002,83.080002,3910100,65.683911
2006-03-24,82.989998,83.720001,82.989998,83.360001,4198800,65.905281
2006-03-23,84.230003,84.269997,82.93,83.199997,5105800,65.778781
2006-03-22,83.349998,84.68,83.349998,84.449997,4968600,66.767044
2006-03-21,83.82,84.989998,83.580002,83.809998,7404300,66.261053
2006-03-20,83.110001,83.75,82.989998,83.580002,3870300,66.079216
2006-03-17,83.349998,83.410004,82.82,83.300003,6414400,65.857846
2006-03-16,83.43,83.720001,82.610001,82.870003,4299500,65.517884
2006-03-15,82.650002,83.760002,82.639999,83.379997,5370400,65.921091
2006-03-14,81.510002,82.989998,81.470001,82.879997,4518000,65.525786
2006-03-13,81.559998,82.400002,81.449997,81.93,4571400,64.774708
2006-03-10,81.029999,82.25,81.029999,81.57,4787200,64.490088
2006-03-09,81.260002,81.980003,80.800003,81.019997,4310700,64.05525
2006-03-08,80.25,81.599998,80.25,81.139999,5569900,64.150125
2006-03-07,80.010002,80.790001,79.860001,80.290001,4330800,63.478108
2006-03-06,79.910004,80.639999,79.900002,80.00,4709500,63.24883
2006-03-03,79.510002,80.830002,79.510002,79.959999,4354400,63.217205
2006-03-02,79.550003,80.209999,79.540001,79.940002,4418800,63.201395
2006-03-01,80.199997,80.809998,79.779999,79.900002,5172300,63.16977
2006-02-28,80.099998,80.550003,79.709999,80.239998,5960700,63.438575
2006-02-27,79.970001,80.889999,79.949997,80.629997,3787000,63.746912
2006-02-24,80.650002,80.650002,79.849998,80.099998,3903200,63.32789
2006-02-23,81.199997,81.339996,80.040001,80.199997,4979400,63.40695
2006-02-22,80.00,81.650002,79.970001,81.349998,5294300,64.316153
2006-02-21,80.099998,80.75,79.970001,80.50,5838000,63.644135
2006-02-17,80.910004,81.029999,80.129997,80.709999,5298800,63.810162
2006-02-16,80.68,80.910004,80.129997,80.910004,5310500,63.968288
2006-02-15,80.860001,81.50,80.50,80.849998,5052000,63.920847
2006-02-14,80.550003,81.449997,80.349998,81.089996,6075500,64.110592
2006-02-13,81.330002,81.910004,80.18,80.440002,5257400,63.5967
2006-02-10,80.400002,81.459999,80.199997,81.330002,5371900,64.300343
2006-02-09,80.400002,80.800003,79.50,80.400002,7609200,63.565075
2006-02-08,80.580002,80.900002,80.239998,80.800003,5029200,63.881321
2006-02-07,79.50,80.190002,79.300003,79.849998,5247300,62.972115
2006-02-06,79.940002,79.949997,78.93,79.510002,9568500,62.703983
2006-02-03,80.550003,80.769997,79.720001,79.970001,9852000,63.066752
2006-02-02,81.449997,81.589996,80.900002,81.230003,6198000,64.060428
2006-02-01,80.900002,82.239998,80.650002,81.940002,5419300,64.620355
2006-01-31,81.50,82.00,81.169998,81.300003,6771600,64.115632
2006-01-30,80.209999,81.809998,80.209999,81.629997,5325100,64.375875
2006-01-27,80.75,81.769997,80.75,81.019997,6103400,63.89481
2006-01-26,81.50,81.650002,80.589996,80.720001,7810200,63.658225
2006-01-25,81.050003,81.620003,80.610001,80.910004,6374300,63.808067
2006-01-24,81.389999,82.150002,80.800003,80.849998,6069000,63.760745
2006-01-23,81.330002,81.919998,80.919998,81.410004,6114100,64.202382
2006-01-20,83.040001,83.050003,81.25,81.360001,8605800,64.162948
2006-01-19,84.139999,84.389999,83.019997,83.089996,6483500,65.527274
2006-01-18,84.00,84.699997,83.519997,83.800003,10984800,66.087207
2006-01-17,82.800003,83.160004,82.540001,83.00,8718400,65.456301
2006-01-13,83.00,83.449997,82.50,83.169998,6921600,65.590366
2006-01-12,83.82,83.959999,83.400002,83.57,4924100,65.90582
2006-01-11,84.370003,84.809998,83.400002,84.169998,5776400,66.378996
2006-01-10,83.150002,84.120003,83.120003,84.07,5700000,66.300135
2006-01-09,83.900002,84.25,83.379997,83.730003,6851100,66.032003
2006-01-06,83.949997,85.029999,83.410004,84.949997,8196900,66.994127
2006-01-05,81.400002,82.900002,81.25,82.50,7213400,65.061986
2006-01-04,82.199997,82.50,81.330002,81.949997,9832800,64.628237
2006-01-03,82.449997,82.550003,80.809998,82.059998,11715100,64.714986
2005-12-30,81.849998,82.489998,81.559998,82.199997,5449000,64.825394
2005-12-29,82.800003,83.059998,82.220001,82.400002,3958400,64.983124
2005-12-28,83.099998,83.57,82.800003,83.040001,3836800,65.487847
2005-12-27,83.480003,84.50,82.889999,82.989998,4377800,65.448413
2005-12-23,84.00,84.199997,83.389999,83.480003,3616200,65.834846
2005-12-22,82.610001,83.230003,82.300003,83.220001,6573600,65.6298
2005-12-21,82.459999,84.00,82.459999,83.120003,6846800,65.550938
2005-12-20,82.949997,83.099998,82.059998,82.480003,5276200,65.046216
2005-12-19,83.230003,83.599998,82.650002,82.760002,4985400,65.267031
2005-12-16,83.889999,84.00,83.00,83.370003,7398200,65.748096
2005-12-15,82.879997,83.629997,82.75,83.529999,6155900,65.874274
2005-12-14,83.650002,83.949997,82.949997,83.129997,7161800,65.55882
2005-12-13,84.50,84.900002,83.50,83.709999,12545300,66.016227
2005-12-12,87.010002,87.349998,85.760002,85.959999,6044100,67.790645
2005-12-09,86.800003,87.099998,86.330002,86.970001,6461800,68.587163
2005-12-08,88.57,88.910004,86.669998,87.50,5787000,69.005136
2005-12-07,89.00,89.919998,88.449997,88.720001,5284000,69.967266
2005-12-06,88.559998,89.839996,88.559998,89.139999,4871500,70.298489
2005-12-05,88.400002,88.650002,87.709999,88.43,4023600,69.738562
2005-12-02,89.00,89.150002,88.360001,88.650002,4730500,69.912062
2005-12-01,89.150002,89.739998,89.050003,89.209999,4668500,70.353693
2005-11-30,89.050003,89.639999,88.730003,88.900002,6021500,70.10922
2005-11-29,89.18,89.940002,89.019997,89.099998,5147000,70.266943
2005-11-28,88.800003,89.43,88.75,89.110001,5197900,70.274831
2005-11-25,88.949997,89.32,88.620003,88.800003,2199300,70.030358
2005-11-23,88.120003,89.389999,87.949997,88.800003,5399300,70.030358
2005-11-22,86.879997,88.080002,86.879997,87.989998,5786600,69.391563
2005-11-21,87.599998,87.870003,87.010002,87.290001,4807900,68.839525
2005-11-18,88.00,88.00,87.169998,87.769997,7985800,69.218064
2005-11-17,86.18,86.980003,85.760002,86.889999,5293600,68.524071
2005-11-16,85.449997,86.580002,85.389999,86.540001,6694100,68.248052
2005-11-15,84.029999,85.900002,84.029999,85.529999,6830800,67.451534
2005-11-14,84.25,85.00,84.110001,84.360001,3915300,66.528838
2005-11-11,84.199997,84.839996,84.150002,84.550003,4841300,66.67868
2005-11-10,82.699997,84.300003,82.300003,83.989998,4732000,66.237043
2005-11-09,82.709999,83.330002,82.489998,82.839996,3936200,65.330117
2005-11-08,83.410004,83.900002,83.110001,83.150002,3798000,65.574596
2005-11-07,83.099998,83.849998,83.07,83.610001,4455100,65.779641
2005-11-04,82.910004,83.300003,82.650002,83.00,3831400,65.299727
2005-11-03,81.550003,83.029999,81.309998,82.870003,7690900,65.197453
2005-11-02,81.199997,81.889999,80.639999,81.059998,6447400,63.773442
2005-11-01,81.849998,82.150002,81.290001,81.589996,5653100,64.190416
2005-10-31,81.510002,82.300003,81.300003,81.879997,7531200,64.418572
2005-10-28,82.32,82.43,80.50,81.419998,6941300,64.056671
2005-10-27,82.529999,82.93,82.25,82.309998,3705800,64.756872
2005-10-26,82.970001,83.870003,82.720001,82.889999,4270800,65.213185
2005-10-25,83.080002,83.949997,82.709999,83.360001,5393300,65.582955
2005-10-24,83.150002,83.610001,82.599998,83.470001,5482200,65.669498
2005-10-21,83.080002,84.00,82.910004,83.330002,6020700,65.559354
2005-10-20,84.00,84.190002,82.879997,83.169998,5752700,65.433472
2005-10-19,82.410004,84.199997,82.379997,84.169998,7502600,66.220216
2005-10-18,84.330002,84.599998,83.349998,83.480003,12045300,65.677367
2005-10-17,82.360001,82.989998,81.93,82.589996,7964800,64.977159
2005-10-14,82.599998,82.709999,81.599998,82.349998,5573700,64.788343
2005-10-13,81.699997,83.199997,81.699997,82.199997,5530600,64.67033
2005-10-12,82.75,82.93,81.949997,82.190002,7580800,64.662467
2005-10-11,82.25,83.519997,81.970001,83.190002,9781300,65.44921
2005-10-10,81.239998,82.099998,81.080002,81.25,7882900,63.922926
2005-10-07,80.25,81.120003,80.089996,80.50,6130100,63.332868
2005-10-06,79.82,80.269997,78.699997,79.699997,8130200,62.703471
2005-10-05,80.110001,80.68,79.559998,79.82,4998800,62.797882
2005-10-04,80.650002,81.470001,79.93,80.110001,6365100,63.026038
2005-10-03,80.220001,80.599998,79.50,80.449997,5297600,63.293528
2005-09-30,80.019997,80.50,79.970001,80.220001,5536500,63.112581
2005-09-29,79.25,80.550003,78.870003,80.360001,5899700,63.222724
2005-09-28,78.059998,79.730003,78.059998,79.50,7747700,62.546124
2005-09-27,77.169998,78.599998,77.160004,77.989998,5499600,61.35814
2005-09-26,78.309998,78.410004,76.93,77.410004,5433200,60.901833
2005-09-23,77.699997,78.110001,77.50,78.00,5434600,61.366009
2005-09-22,77.559998,78.50,77.300003,78.209999,6870400,61.531224
2005-09-21,78.00,78.459999,77.370003,77.559998,7126000,61.019839
2005-09-20,79.269997,79.650002,78.629997,78.699997,7122300,61.916727
2005-09-19,79.739998,79.980003,79.010002,79.43,5148500,62.491052
2005-09-16,80.379997,80.50,79.830002,80.330002,7624900,63.199123
2005-09-15,80.43,80.650002,79.669998,80.010002,4864100,62.947365
2005-09-14,80.75,81.400002,80.419998,80.480003,3887700,63.317136
2005-09-13,81.489998,81.489998,80.519997,80.75,5040900,63.529554
2005-09-12,81.029999,82.110001,81.00,81.480003,3692800,64.103879
2005-09-09,80.860001,81.489998,80.519997,81.440002,3982200,64.072409
2005-09-08,81.279999,81.519997,80.50,80.800003,4277300,63.568893
2005-09-07,80.699997,81.129997,80.32,80.980003,4116300,63.710508
2005-09-06,79.699997,81.190002,79.699997,81.019997,6305500,63.741972
2005-09-02,79.50,80.010002,79.459999,79.459999,3680600,62.514654
2005-09-01,80.160004,80.32,79.339996,79.540001,6390600,62.577595
2005-08-31,80.349998,80.790001,79.870003,80.620003,5400800,63.427279
2005-08-30,81.00,81.00,79.980003,80.540001,5674200,63.364338
2005-08-29,80.00,81.75,79.900002,81.339996,4025300,63.99373
2005-08-26,80.809998,81.019997,80.260002,80.379997,5029300,63.238456
2005-08-25,81.449997,81.449997,80.720001,81.099998,3606100,63.804913
2005-08-24,81.529999,82.400002,81.230003,81.32,4417600,63.977997
2005-08-23,82.699997,83.139999,81.599998,82.029999,4000300,64.536585
2005-08-22,82.75,83.349998,81.849998,82.599998,5157200,64.985028
2005-08-19,81.360001,83.300003,81.360001,82.760002,6481000,65.11091
2005-08-18,81.099998,82.00,80.800003,81.150002,3713300,63.844252
2005-08-17,81.400002,81.940002,80.839996,81.300003,4853000,63.962265
2005-08-16,82.07,82.43,81.089996,81.300003,4407400,63.962265
2005-08-15,81.900002,82.940002,81.610001,82.50,3431100,64.906355
2005-08-12,82.150002,82.580002,82.059998,82.190002,4378200,64.662467
2005-08-11,81.93,82.75,81.620003,82.660004,4570400,65.032237
2005-08-10,83.650002,84.010002,81.970001,82.019997,5402400,64.528716
2005-08-09,83.400002,83.949997,82.940002,83.50,3793500,65.693099
2005-08-08,83.410004,83.889999,83.019997,83.360001,4424300,65.582955
2005-08-05,82.75,83.739998,82.730003,83.360001,3714600,65.425608
2005-08-04,83.75,83.889999,82.980003,83.120003,5249900,65.237245
2005-08-03,83.309998,84.199997,83.110001,84.059998,4256200,65.975005
2005-08-02,83.269997,83.860001,83.040001,83.309998,5380700,65.386363
2005-08-01,83.00,83.849998,82.849998,83.43,3664300,65.480548
2005-07-29,83.300003,83.949997,83.220001,83.459999,4330300,65.504093
2005-07-28,83.550003,83.970001,83.269997,83.800003,6189700,65.770947
2005-07-27,83.800003,84.129997,82.809998,83.870003,4862200,65.825887
2005-07-26,84.150002,84.349998,83.849998,84.120003,4542900,66.022101
2005-07-25,83.980003,84.519997,83.919998,84.199997,4457800,66.084885
2005-07-22,83.980003,84.629997,83.860001,84.440002,4570400,66.273254
2005-07-21,84.599998,84.949997,83.400002,84.400002,8265300,66.241859
2005-07-20,83.199997,84.959999,82.989998,84.599998,9323200,66.398828
2005-07-19,84.720001,85.110001,83.699997,83.699997,14149700,65.692457
2005-07-18,81.989998,83.940002,81.68,81.809998,8705600,64.209079
2005-07-15,82.43,82.75,81.519997,82.379997,7644100,64.656447
2005-07-14,82.00,82.669998,82.00,82.419998,8546200,64.687842
2005-07-13,81.160004,81.75,81.160004,81.449997,11340000,63.92653
2005-07-12,79.199997,80.489998,79.18,80.040001,10945500,62.819886
2005-07-11,79.400002,79.519997,78.519997,78.959999,7186700,61.97224
2005-07-08,77.379997,79.519997,77.139999,79.300003,13440500,62.239094
2005-07-07,75.150002,77.529999,75.00,77.379997,10757200,60.732166
2005-07-06,74.800003,76.150002,74.400002,75.809998,8009300,59.499942
2005-07-05,74.379997,74.970001,74.160004,74.790001,5181800,58.699391
2005-07-01,74.300003,75.330002,74.300003,74.669998,4353100,58.605207
2005-06-30,74.800003,75.489998,74.07,74.199997,6127000,58.236323
2005-06-29,75.260002,75.68,74.620003,74.730003,5519100,58.652302
2005-06-28,73.830002,75.300003,73.449997,75.300003,8188800,59.09967
2005-06-27,74.010002,74.769997,73.50,73.879997,6489800,57.98517
2005-06-24,75.169998,75.400002,74.00,74.010002,10792100,58.087205
2005-06-23,76.809998,76.970001,75.059998,75.410004,7766700,59.186004
2005-06-22,76.830002,77.489998,76.669998,77.230003,5646300,60.614442
2005-06-21,76.699997,77.00,76.110001,76.410004,5339100,59.970861
2005-06-20,76.029999,76.980003,75.57,76.550003,3745600,60.08074
2005-06-17,77.699997,77.730003,76.379997,76.389999,8593800,59.95516
2005-06-16,76.400002,77.25,76.309998,77.050003,7840000,60.473168
2005-06-15,75.699997,76.50,75.150002,76.300003,7103600,59.884526
2005-06-14,75.050003,75.43,74.730003,74.889999,4314900,58.777876
2005-06-13,74.50,75.93,74.449997,75.050003,5715700,58.903456
2005-06-10,74.75,75.050003,74.099998,74.769997,4895800,58.683691
2005-06-09,74.580002,75.470001,74.230003,74.93,4423200,58.809271
2005-06-08,75.040001,75.400002,74.629997,74.800003,4280000,58.707242
2005-06-07,75.00,76.089996,75.00,75.040001,5226600,58.895606
2005-06-06,75.800003,75.900002,74.919998,75.00,5978600,58.864211
2005-06-03,77.059998,77.099998,75.739998,75.790001,6149900,59.484248
2005-06-02,76.75,77.389999,76.68,77.349998,4025600,60.708621
2005-06-01,75.57,77.50,75.57,76.839996,7380600,60.308343
2005-05-31,77.300003,77.410004,75.50,75.550003,6419000,59.295884
2005-05-27,77.110001,77.239998,76.529999,77.099998,3163900,60.512407
2005-05-26,76.449997,77.410004,76.290001,77.139999,5832000,60.543802
2005-05-25,75.419998,76.029999,75.169998,76.00,5483400,59.649067
2005-05-24,76.139999,76.510002,75.559998,75.809998,5660700,59.499942
2005-05-23,76.300003,76.949997,76.00,76.510002,4759800,60.049345
2005-05-20,77.279999,77.279999,76.360001,76.410004,6329800,59.970861
2005-05-19,76.50,77.639999,76.370003,77.160004,7030400,60.559503
2005-05-18,75.00,76.82,74.690002,76.360001,10309600,59.931615
2005-05-17,73.93,74.43,73.330002,74.290001,5135600,58.306963
2005-05-16,73.089996,74.489998,73.089996,74.339996,5501500,58.346203
2005-05-13,72.529999,73.860001,72.519997,73.160004,7150600,57.420078
2005-05-12,73.529999,73.800003,72.50,72.620003,6061900,56.996255
2005-05-11,73.629997,73.690002,72.510002,73.279999,6915700,57.514257
2005-05-10,74.75,74.760002,73.040001,73.300003,7982200,57.529958
2005-05-09,75.260002,75.459999,74.709999,74.980003,5616700,58.848516
2005-05-06,75.559998,75.919998,74.970001,75.260002,7750300,59.068275
2005-05-05,78.00,78.110001,75.330002,75.50,12371800,59.099664
2005-05-04,76.599998,77.199997,76.50,77.080002,5512300,60.336453
2005-05-03,76.779999,76.959999,75.93,76.470001,6196300,59.858959
2005-05-02,76.879997,77.290001,76.029999,76.510002,7232500,59.890271
2005-04-29,77.050003,77.080002,75.910004,76.379997,8147700,59.788506
2005-04-28,77.050003,77.110001,75.650002,75.910004,8629200,59.420606
2005-04-27,75.599998,77.18,75.50,77.050003,11631400,60.312971
2005-04-26,74.68,76.980003,74.650002,75.43,12484300,59.04487
2005-04-25,75.099998,75.720001,74.050003,74.610001,10219400,58.402993
2005-04-22,74.230003,74.699997,73.260002,74.209999,10984400,58.089881
2005-04-21,73.00,74.099998,72.800003,74.029999,16224400,57.948981
2005-04-20,75.480003,75.870003,71.849998,72.010002,20366300,56.367774
2005-04-19,76.980003,77.199997,75.25,75.480003,9259900,59.084011
2005-04-18,77.150002,77.75,76.139999,76.650002,13255000,59.999859
2005-04-15,79.00,79.660004,76.330002,76.699997,27906300,60.038994
2005-04-14,84.510002,85.410004,83.470001,83.639999,10421200,65.471469
2005-04-13,85.760002,85.970001,84.239998,84.57,7090700,66.199452
2005-04-12,85.900002,86.239998,85.169998,85.75,8429700,67.123129
2005-04-11,87.349998,87.559998,86.089996,86.199997,8296500,67.475376
2005-04-08,88.279999,88.459999,87.50,87.599998,5179200,68.571265
2005-04-07,89.00,89.199997,88.099998,88.440002,6355700,69.228801
2005-04-06,89.050003,89.379997,88.709999,89.00,7836800,69.667154
2005-04-05,90.230003,90.330002,89.260002,89.57,4568400,70.113337
2005-04-04,90.080002,90.620003,89.769997,90.32,3737800,70.700419
2005-04-01,91.489998,91.760002,90.040001,90.440002,5721200,70.794355
2005-03-31,90.459999,91.410004,90.220001,91.379997,4418600,71.530161
2005-03-30,90.32,90.879997,90.32,90.68,5253900,70.98222
2005-03-29,90.739998,91.07,90.18,90.599998,6070400,70.919596
2005-03-28,90.709999,91.629997,90.620003,91.040001,4088900,71.26402
2005-03-24,90.800003,91.550003,90.699997,90.699997,4577100,70.997873
2005-03-23,89.970001,91.169998,89.82,90.519997,5472100,70.856972
2005-03-22,89.610001,90.339996,89.260002,89.50,4452500,70.058543
2005-03-21,89.419998,90.279999,89.269997,89.510002,4402400,70.066372
2005-03-18,89.860001,89.900002,89.089996,89.279999,7541500,69.886331
2005-03-17,90.489998,90.68,89.699997,89.860001,5562100,70.340343
2005-03-16,90.739998,91.400002,90.25,90.650002,5065300,70.958737
2005-03-15,92.00,92.269997,91.199997,91.379997,3663100,71.530161
2005-03-14,91.50,92.040001,91.50,91.900002,3935500,71.937209
2005-03-11,92.25,92.410004,91.199997,91.510002,4494300,71.631926
2005-03-10,92.349998,92.800003,92.089996,92.410004,3422500,72.336426
2005-03-09,92.019997,93.00,92.010002,92.349998,4511200,72.289456
2005-03-08,91.699997,92.559998,91.699997,92.129997,5087800,72.117244
2005-03-07,92.349998,92.510002,91.589996,91.599998,7046900,71.702373
2005-03-04,92.940002,93.18,92.360001,92.370003,4754000,72.305115
2005-03-03,93.150002,93.209999,92.199997,92.410004,4037800,72.336426
2005-03-02,92.75,93.730003,92.75,92.919998,4467400,72.735638
2005-03-01,92.639999,93.43,92.589996,93.300003,3819900,73.033098
2005-02-28,92.529999,92.760002,92.410004,92.580002,4949800,72.469497
2005-02-25,92.349998,92.800003,92.290001,92.800003,4078500,72.641709
2005-02-24,91.980003,93.089996,91.849998,92.639999,4153900,72.516462
2005-02-23,92.290001,92.440002,91.550003,92.099998,5622800,72.093762
2005-02-22,92.669998,93.50,92.230003,92.32,4825100,72.265973
2005-02-18,93.75,94.25,92.900002,93.269997,4265300,73.009609
2005-02-17,94.50,94.760002,93.739998,93.75,4254200,73.385345
2005-02-16,94.230003,94.970001,94.199997,94.620003,4466500,74.066363
2005-02-15,93.50,94.669998,93.480003,94.330002,4148000,73.839357
2005-02-14,93.160004,94.019997,93.160004,93.57,2868800,73.244445
2005-02-11,92.699997,93.970001,92.50,93.300003,4229300,73.033098
2005-02-10,92.949997,93.099998,92.300003,92.760002,4838400,72.610397
2005-02-09,94.139999,94.830002,92.540001,92.699997,5657100,72.563427
2005-02-08,94.209999,94.639999,94.129997,94.129997,3541100,73.682798
2005-02-07,94.349998,94.900002,94.330002,94.529999,2837800,73.85501
2005-02-04,93.010002,94.739998,93.00,94.510002,3807600,73.839387
2005-02-03,93.870003,93.940002,93.059998,93.540001,3928700,73.081538
2005-02-02,93.779999,94.349998,93.629997,94.300003,3597400,73.675317
2005-02-01,93.669998,94.00,93.370003,93.860001,3637400,73.331549
2005-01-31,93.650002,93.949997,93.050003,93.419998,4759900,72.987781
2005-01-28,92.68,93.589996,92.480003,92.889999,5960600,72.5737
2005-01-27,91.50,92.220001,91.440002,91.980003,4746900,71.862733
2005-01-26,92.300003,92.870003,91.940002,91.949997,5352000,71.839289
2005-01-25,91.980003,92.589996,91.949997,92.190002,5070700,72.026802
2005-01-24,92.699997,92.849998,91.760002,91.790001,6537300,71.714287
2005-01-21,93.00,93.300003,92.230003,92.379997,7002600,72.175243
2005-01-20,92.610001,93.839996,92.599998,93.00,5708600,72.659642
2005-01-19,94.949997,95.150002,92.93,93.099998,7352700,72.73777
2005-01-18,93.650002,95.339996,93.620003,94.900002,8492100,74.144088
2005-01-14,94.010002,94.25,93.550003,94.099998,5520800,73.519056
2005-01-13,95.389999,96.199997,93.699997,94.449997,5339400,73.792505
2005-01-12,95.00,95.279999,94.059998,95.209999,5828600,74.386285
2005-01-11,95.68,95.790001,94.709999,95.00,4746400,74.222215
2005-01-10,95.779999,96.089996,95.239998,95.68,4625100,74.75349
2005-01-07,96.50,96.800003,95.470001,95.779999,6200700,74.831618
2005-01-06,96.540001,96.980003,96.050003,96.199997,4561700,75.159757
2005-01-05,96.599998,97.830002,96.400002,96.50,5646700,75.394145
2005-01-04,97.739998,98.419998,96.519997,96.699997,5711000,75.5504
2005-01-03,98.970001,99.099998,97.25,97.75,5295200,76.370753
2004-12-31,98.599998,98.910004,98.489998,98.580002,2793200,77.019222
2004-12-30,98.099998,99.00,98.07,98.300003,3812400,76.800463
2004-12-29,97.809998,98.470001,97.800003,98.18,3296300,76.706707
2004-12-28,97.400002,98.550003,97.370003,98.300003,4336400,76.800463
2004-12-27,97.690002,97.970001,97.379997,97.50,3262900,76.175432
2004-12-23,97.50,98.00,97.50,97.720001,3590600,76.347316
2004-12-22,97.349998,97.980003,97.290001,97.610001,4950100,76.261374
2004-12-21,96.589996,97.150002,96.510002,97.019997,4841800,75.800411
2004-12-20,96.349998,97.57,96.349998,96.550003,4769900,75.433212
2004-12-17,97.00,98.00,96.199997,96.199997,8853100,75.159757
2004-12-16,96.800003,98.150002,96.800003,97.449997,5660100,76.136365
2004-12-15,96.919998,97.699997,96.809998,97.330002,3914500,76.042614
2004-12-14,96.300003,97.699997,96.290001,97.309998,4493200,76.026985
2004-12-13,96.849998,97.199997,96.080002,96.449997,4799500,75.355078
2004-12-10,96.099998,97.989998,96.099998,96.669998,4188300,75.526962
2004-12-09,96.199997,97.599998,95.709999,97.510002,5713700,76.183246
2004-12-08,96.43,97.349998,95.769997,96.650002,5310700,75.511339
2004-12-07,97.699997,98.25,95.989998,96.099998,6477100,75.081629
2004-12-06,96.879997,97.900002,96.650002,97.669998,5263000,76.308249
2004-12-03,96.550003,97.629997,96.550003,97.080002,7026800,75.847293
2004-12-02,95.650002,96.779999,95.489998,95.760002,5152300,74.815995
2004-12-01,94.50,96.07,94.470001,95.879997,5664500,74.909745
2004-11-30,95.150002,95.650002,94.239998,94.239998,5870300,73.628436
2004-11-29,94.940002,96.379997,94.940002,95.50,5699800,74.612859
2004-11-26,95.050003,95.379997,94.580002,94.720001,2204300,74.003456
2004-11-24,95.040001,95.790001,95.040001,95.459999,3750600,74.581606
2004-11-23,94.699997,95.370003,94.550003,95.279999,5529900,74.440975
2004-11-22,94.300003,95.400002,94.160004,95.110001,5814100,74.308157
2004-11-19,94.949997,95.160004,94.25,94.449997,5679100,73.792505
2004-11-18,95.360001,95.699997,95.029999,95.099998,4655900,74.300343
2004-11-17,95.300003,96.629997,95.300003,95.459999,6353200,74.581606
2004-11-16,95.25,95.50,94.650002,94.889999,5684100,74.136273
2004-11-15,95.080002,96.00,94.800003,95.919998,4887600,74.940998
2004-11-12,94.660004,95.50,94.559998,95.32,4958400,74.472227
2004-11-11,93.599998,95.220001,93.540001,94.790001,7453400,74.058146
2004-11-10,92.919998,94.300003,92.919998,93.610001,6258400,73.136228
2004-11-09,93.00,93.949997,93.00,93.370003,4513100,72.948721
2004-11-08,92.50,93.699997,92.50,93.370003,4907300,72.948721
2004-11-05,92.400002,93.519997,92.400002,93.279999,6708400,72.737775
2004-11-04,91.050003,92.699997,90.82,92.379997,6951600,72.035972
2004-11-03,91.25,91.900002,90.970001,91.199997,6553300,71.115833
2004-11-02,89.550003,91.220001,89.50,90.470001,5388700,70.546598
2004-11-01,89.330002,90.599998,89.230003,90.110001,5160600,70.265877
2004-10-29,89.400002,89.900002,88.949997,89.75,4518500,69.985156
2004-10-28,89.800003,90.239998,89.43,89.50,4226500,69.790211
2004-10-27,88.580002,90.269997,88.50,90.00,6035100,70.180101
2004-10-26,88.330002,89.57,88.25,89.00,7335800,69.400322
2004-10-25,87.360001,88.900002,87.309998,88.43,5774500,68.955848
2004-10-22,88.220001,88.449997,87.290001,87.389999,5988700,68.144877
2004-10-21,88.400002,88.760002,87.660004,88.099998,6137500,68.69852
2004-10-20,88.449997,89.190002,88.290001,88.82,6926800,69.259961
2004-10-19,88.199997,89.730003,88.00,89.370003,13692200,69.688842
2004-10-18,84.300003,86.150002,84.290001,85.919998,7182600,66.998601
2004-10-15,84.779999,85.25,84.599998,84.849998,5928500,66.164238
2004-10-14,84.75,84.980003,84.300003,84.779999,4233700,66.109654
2004-10-13,86.260002,86.480003,84.43,84.980003,6651400,66.265613
2004-10-12,86.019997,86.199997,85.580002,86.00,4626600,67.060985
2004-10-11,86.769997,87.199997,86.269997,86.629997,3016300,67.552244
2004-10-08,87.43,87.910004,86.510002,86.709999,4090000,67.614628
2004-10-07,88.040001,88.099998,87.400002,87.419998,3076900,68.16827
2004-10-06,87.139999,88.099998,87.099998,88.040001,3984400,68.651735
2004-10-05,87.949997,88.029999,87.129997,87.32,5150700,68.090293
2004-10-04,87.00,88.099998,86.720001,87.160004,5001400,67.965532
2004-10-01,85.949997,86.980003,85.879997,86.720001,4538000,67.622427
2004-09-30,85.139999,85.980003,85.010002,85.739998,5198000,66.858241
2004-09-29,84.480003,84.980003,84.150002,84.980003,4204500,66.265613
2004-09-28,84.349998,84.650002,83.879997,84.480003,3874200,65.875724
2004-09-27,84.099998,84.440002,83.980003,84.160004,4650300,65.626195
2004-09-24,83.800003,84.739998,83.779999,84.43,4899500,65.836733
2004-09-23,84.040001,84.269997,83.239998,83.879997,4801200,65.407852
2004-09-22,85.349998,85.440002,84.169998,84.309998,5037100,65.743157
2004-09-21,85.699997,86.110001,85.339996,85.720001,4049700,66.842648
2004-09-20,85.400002,86.43,85.400002,85.699997,4380400,66.827049
2004-09-17,86.400002,86.50,85.440002,85.739998,6198700,66.858241
2004-09-16,86.199997,86.959999,85.93,86.120003,3623000,67.154561
2004-09-15,85.940002,86.50,85.889999,86.370003,4631200,67.349506
2004-09-14,86.599998,86.879997,86.150002,86.720001,3953500,67.622427
2004-09-13,87.00,87.279999,86.080002,86.489998,4801400,67.443075
2004-09-10,86.43,87.00,86.25,86.760002,3753500,67.653619
2004-09-09,85.860001,86.790001,85.860001,86.440002,4517400,67.40409
2004-09-08,84.900002,86.510002,84.879997,85.860001,5721200,66.951817
2004-09-07,84.699997,85.440002,84.599998,84.970001,4002800,66.257814
2004-09-03,84.300003,84.690002,83.959999,84.389999,3479800,65.805541
2004-09-02,84.220001,84.779999,83.849998,84.57,3380400,65.945901
2004-09-01,84.050003,85.089996,84.010002,84.220001,4748500,65.67298
2004-08-31,84.550003,84.690002,83.650002,84.690002,3399500,66.039477
2004-08-30,84.57,84.989998,84.389999,84.400002,2277900,65.81334
2004-08-27,84.650002,84.949997,84.589996,84.940002,2444800,66.234421
2004-08-26,85.00,85.040001,84.690002,84.690002,3134400,66.039477
2004-08-25,85.00,85.269997,84.550003,85.07,4405600,66.335791
2004-08-24,85.00,85.150002,84.349998,84.709999,2710400,66.05507
2004-08-23,85.230003,85.449997,84.650002,84.650002,4260600,66.008285
2004-08-20,84.519997,85.25,84.519997,85.25,4501400,66.476151
2004-08-19,84.75,85.349998,84.449997,84.889999,4704500,66.19543
2004-08-18,83.599998,85.129997,83.57,85.129997,4397500,66.382575
2004-08-17,84.099998,84.540001,83.660004,84.040001,3559400,65.532619
2004-08-16,83.699997,84.559998,83.510002,84.019997,4361500,65.51702
2004-08-13,82.540001,83.940002,82.510002,83.910004,5801900,65.43125
2004-08-12,83.050003,83.050003,81.900002,82.209999,7134900,64.105622
2004-08-11,83.699997,83.980003,83.099998,83.690002,5288000,65.259698
2004-08-10,84.00,84.989998,83.809998,84.989998,4351000,66.273407
2004-08-09,83.480003,83.959999,82.870003,83.550003,3621100,65.150529
2004-08-06,84.379997,84.760002,83.419998,83.480003,5219200,65.095945
2004-08-05,85.970001,86.419998,85.010002,85.190002,3879900,66.289003
2004-08-04,85.300003,86.650002,85.25,85.970001,4160600,66.895944
2004-08-03,86.699997,86.800003,85.440002,85.709999,4147200,66.693628
2004-08-02,86.870003,87.389999,86.419998,86.690002,3408400,67.4562
2004-07-30,86.449997,87.400002,86.389999,87.07,3508500,67.751887
2004-07-29,86.25,87.220001,86.230003,86.769997,4232300,67.518446
2004-07-28,85.879997,86.279999,84.879997,85.849998,6566200,66.802566
2004-07-27,85.599998,86.300003,85.449997,85.879997,4098500,66.825909
2004-07-26,84.849998,85.580002,84.510002,85.089996,4517500,66.211185
2004-07-23,85.699997,86.059998,84.50,84.849998,4309400,66.024435
2004-07-22,85.00,86.400002,84.68,86.059998,5972600,66.965973
2004-07-21,86.75,87.110001,85.300003,85.300003,5534000,66.374598
2004-07-20,85.629997,86.489998,85.300003,86.360001,5651300,67.199415
2004-07-19,84.50,85.849998,84.400002,85.300003,6596000,66.374598
2004-07-16,86.050003,86.480003,84.279999,84.279999,10441400,65.580901
2004-07-15,84.129997,84.629997,83.610001,84.019997,7086500,65.378585
2004-07-14,84.839996,85.239998,83.779999,84.129997,6298600,65.46418
2004-07-13,85.900002,86.089996,85.199997,85.25,6001000,66.335689
2004-07-12,84.00,85.25,83.419998,84.099998,6009200,65.440837
2004-07-09,84.400002,84.50,83.510002,83.889999,6595200,65.27743
2004-07-08,85.00,85.010002,83.580002,83.650002,7529000,65.09068
2004-07-07,85.300003,85.940002,85.050003,85.349998,5677300,66.413501
2004-07-06,86.50,86.730003,85.129997,85.699997,6408100,66.685845
2004-07-02,87.449997,87.550003,86.599998,87.040001,2874500,67.728544
2004-07-01,88.279999,88.440002,86.57,87.50,5093900,68.086484
2004-06-30,88.300003,88.50,87.699997,88.150002,4724000,68.592271
2004-06-29,88.349998,88.489998,87.900002,88.290001,4394800,68.701208
2004-06-28,89.709999,89.900002,88.360001,88.709999,4423200,69.028022
2004-06-25,89.949997,90.230003,88.940002,89.550003,5604700,69.681656
2004-06-24,90.279999,90.919998,89.839996,89.989998,4069400,70.024029
2004-06-23,90.099998,90.839996,89.839996,90.790001,4354700,70.646537
2004-06-22,89.279999,90.239998,89.129997,90.019997,4149300,70.047372
2004-06-21,90.400002,90.43,89.309998,89.489998,3843400,69.634964
2004-06-18,90.199997,90.800003,89.900002,90.059998,6470800,70.078498
2004-06-17,90.50,90.559998,90.07,90.440002,4180200,70.374192
2004-06-16,90.25,90.93,90.089996,90.379997,3145700,70.3275
2004-06-15,90.489998,91.209999,90.230003,90.540001,4508300,70.452004
2004-06-14,90.050003,90.580002,89.620003,90.07,4121400,70.086281
2004-06-10,90.230003,90.75,89.889999,90.459999,3468700,70.389752
2004-06-09,89.900002,90.550003,89.809998,90.089996,5233400,70.101841
2004-06-08,88.639999,90.50,88.400002,90.040001,5400300,70.062938
2004-06-07,88.75,88.989998,88.010002,88.639999,4264500,68.973553
2004-06-04,87.949997,88.489998,87.50,87.559998,3803400,68.13317
2004-06-03,87.849998,88.099998,87.349998,87.349998,3011500,67.969763
2004-06-02,88.639999,88.639999,87.889999,87.980003,3912600,68.45999
2004-06-01,88.00,88.480003,87.300003,88.120003,4884300,68.568928
2004-05-28,88.480003,88.849998,88.25,88.589996,3203800,68.934644
2004-05-27,88.75,89.080002,87.980003,88.589996,4094600,68.934644
2004-05-26,88.639999,88.849998,88.040001,88.349998,4308200,68.747894
2004-05-25,86.75,88.919998,86.550003,88.699997,5358100,69.020239
2004-05-24,87.75,87.839996,86.550003,87.099998,3778100,67.77523
2004-05-21,87.589996,88.18,86.910004,87.129997,5130000,67.798573
2004-05-20,87.059998,87.949997,87.050003,87.419998,4031500,68.024232
2004-05-19,87.400002,88.879997,86.50,87.050003,7431800,67.736327
2004-05-18,86.080002,86.489998,86.00,86.059998,4401100,66.965973
2004-05-17,85.300003,86.029999,85.150002,85.529999,5700000,66.553565
2004-05-14,86.650002,87.349998,86.07,86.410004,5197800,67.238324
2004-05-13,86.790001,87.410004,86.260002,87.190002,4708400,67.845265
2004-05-12,87.25,87.25,85.120003,86.809998,8445800,67.549572
2004-05-11,87.199997,88.150002,86.82,87.129997,6575000,67.798573
2004-05-10,87.599998,88.099998,86.370003,86.879997,6692400,67.604041
2004-05-07,87.75,89.400002,87.620003,88.190002,5407400,68.623397
2004-05-06,88.099998,89.099998,87.589996,88.360001,4319100,68.755677
2004-05-05,89.75,89.75,88.510002,88.959999,4402300,69.082491
2004-05-04,88.019997,89.739998,88.00,89.00,5451800,69.113554
2004-05-03,88.129997,88.519997,87.199997,88.019997,6070100,68.352526
2004-04-30,89.010002,89.199997,88.010002,88.169998,5019500,68.469011
2004-04-29,90.010002,90.260002,88.190002,89.080002,7763200,69.17568
2004-04-28,90.300003,90.980003,90.209999,90.410004,4706000,70.208502
2004-04-27,90.650002,91.989998,90.559998,91.110001,4768000,70.75209
2004-04-26,90.75,91.559998,90.349998,90.43,4533600,70.224031
2004-04-23,91.00,91.610001,90.360001,91.279999,5063200,70.884103
2004-04-22,90.50,91.510002,89.699997,90.739998,7988000,70.464761
2004-04-21,91.150002,91.419998,90.690002,91.260002,4623400,70.868574
2004-04-20,92.00,92.480003,90.650002,90.650002,4260200,70.394874
2004-04-19,91.900002,92.300003,91.699997,91.940002,4159400,71.396633
2004-04-16,92.300003,92.349998,91.040001,92.279999,11118000,71.66066
2004-04-15,93.800003,94.089996,93.059998,93.449997,6844200,72.56923
2004-04-14,92.099998,93.860001,92.099998,93.699997,5316300,72.763369
2004-04-13,93.790001,94.040001,92.50,93.040001,5013600,72.250844
2004-04-12,93.50,94.360001,93.400002,93.739998,3112600,72.794432
2004-04-08,94.00,94.389999,92.550003,93.120003,3868000,72.31297
2004-04-07,93.370003,93.580002,92.510002,93.080002,4537300,72.281907
2004-04-06,93.599998,93.790001,93.019997,93.699997,3860100,72.763369
2004-04-05,93.949997,94.370003,93.510002,94.18,3936000,73.136119
2004-04-02,93.550003,94.550003,93.330002,94.199997,5894500,73.151647
2004-04-01,91.669998,92.68,91.620003,92.370003,4246900,71.730553
2004-03-31,92.07,92.239998,91.510002,91.839996,4613500,71.318973
2004-03-30,92.669998,92.669998,91.349998,92.32,5415700,71.691723
2004-03-29,92.989998,93.610001,92.18,92.68,4876300,71.971284
2004-03-26,92.389999,93.25,92.160004,92.769997,4397700,72.041171
2004-03-25,92.150002,92.629997,91.449997,92.389999,5585800,71.746081
2004-03-24,91.57,92.489998,91.040001,91.769997,6210400,71.264614
2004-03-23,91.599998,92.160004,90.68,91.32,5065300,70.915166
2004-03-22,91.269997,91.480003,90.279999,91.019997,6223500,70.682196
2004-03-19,92.860001,92.970001,91.510002,91.620003,7058700,71.148135
2004-03-18,93.050003,93.18,91.900002,92.849998,4605200,72.103297
2004-03-17,92.57,93.790001,92.449997,93.389999,4663000,72.522638
2004-03-16,92.400002,92.699997,91.419998,92.449997,4627600,71.792673
2004-03-15,92.599998,92.690002,90.879997,91.82,6523000,71.303444
2004-03-12,92.00,93.379997,91.68,93.300003,6290600,72.452751
2004-03-11,92.00,92.980003,91.150002,91.209999,8560800,70.829744
2004-03-10,94.379997,94.739998,92.68,93.059998,6536300,72.266373
2004-03-09,94.300003,95.279999,93.769997,94.529999,6390600,73.407912
2004-03-08,96.489998,96.879997,94.589996,94.589996,5084200,73.454504
2004-03-05,95.949997,96.980003,95.559998,96.449997,3970900,74.8989
2004-03-04,96.580002,96.919998,96.129997,96.389999,3547900,74.852309
2004-03-03,96.57,96.889999,95.599998,96.839996,4806500,75.201757
2004-03-02,97.599998,97.599998,96.620003,96.82,4976200,75.186228
2004-03-01,96.50,97.25,96.150002,97.040001,4454000,75.357072
2004-02-27,96.800003,97.379997,96.099998,96.50,4715000,74.93773
2004-02-26,96.269997,97.260002,96.25,96.790001,3965700,75.162932
2004-02-25,96.50,97.089996,96.230003,96.540001,3362500,74.968793
2004-02-24,95.199997,97.459999,95.199997,96.790001,7008300,75.162932
2004-02-23,97.400002,97.510002,95.459999,95.959999,6629100,74.518389
2004-02-20,98.599998,98.599998,97.190002,97.309998,5690200,75.566739
2004-02-19,98.419998,99.230003,97.519997,97.800003,5447200,75.947256
2004-02-18,99.309998,99.769997,98.150002,98.419998,4830300,76.428718
2004-02-17,99.989998,100.00,99.32,99.370003,3930400,77.16645
2004-02-13,99.099998,100.089996,99.080002,99.709999,3562400,77.430477
2004-02-12,100.059998,100.300003,99.300003,99.300003,3611500,77.112092
2004-02-11,99.199997,100.309998,98.800003,99.959999,5505700,77.624616
2004-02-10,98.449997,99.970001,98.410004,99.610001,4057500,77.352822
2004-02-09,99.309998,99.440002,98.599998,98.949997,3742400,76.840292
2004-02-06,98.849998,99.239998,98.25,98.940002,5516900,76.832531
2004-02-05,100.00,100.089996,98.260002,98.860001,5975000,76.646155
2004-02-04,99.379997,100.43,99.300003,100.190002,8387500,77.677306
2004-02-03,99.00,100.00,98.949997,100.00,5604300,77.529997
2004-02-02,99.150002,99.940002,98.50,99.389999,6200000,77.057063
2004-01-30,98.019997,99.330002,97.839996,99.230003,6137600,76.933018
2004-01-29,98.099998,98.599998,96.550003,98.010002,6642500,75.987151
2004-01-28,99.150002,99.419998,97.279999,97.379997,6549700,75.498709
2004-01-27,99.400002,99.669998,98.699997,98.800003,5345300,76.599639
2004-01-26,97.900002,99.849998,97.559998,99.849998,6189400,77.4137
2004-01-23,97.82,98.209999,97.099998,97.900002,5283900,75.901868
2004-01-22,97.839996,98.160004,97.32,97.510002,4371600,75.599501
2004-01-21,97.230003,98.040001,96.639999,97.699997,6949000,75.746804
2004-01-20,96.00,97.440002,95.730003,97.099998,9285100,75.281626
2004-01-16,95.00,95.349998,94.709999,95.32,9302000,73.901593
2004-01-15,95.07,95.650002,93.550003,94.019997,19812000,72.8937
2004-01-14,89.900002,90.459999,89.75,90.309998,5505100,70.017338
2004-01-13,91.449997,91.510002,89.010002,89.699997,8842500,69.544405
2004-01-12,91.209999,92.139999,91.209999,91.550003,5130400,70.978714
2004-01-09,91.75,92.349998,91.00,91.209999,7930900,70.715109
2004-01-08,93.209999,93.209999,92.029999,93.040001,6179800,72.13391
2004-01-07,93.139999,93.379997,92.470001,92.779999,4927600,71.93233
2004-01-06,92.199997,93.190002,92.139999,93.059998,4380000,72.149413
2004-01-05,92.00,93.089996,92.00,93.050003,5276300,72.141664
2004-01-02,92.860001,93.050003,91.199997,91.550003,5327800,70.978714
2003-12-31,92.660004,92.849998,92.160004,92.68,4726900,71.854801
2003-12-30,93.269997,93.50,92.360001,92.629997,4003400,71.816034
2003-12-29,93.099998,93.730003,93.029999,93.519997,4033900,72.50605
2003-12-26,92.370003,93.00,92.300003,92.900002,1408500,72.025368
2003-12-24,92.800003,92.800003,92.18,92.269997,1760500,71.536925
2003-12-23,93.07,93.440002,92.339996,92.790001,3677000,71.940085
2003-12-22,92.830002,93.50,92.779999,93.389999,4332100,72.405263
2003-12-19,93.230003,93.25,92.669998,93.139999,7090500,72.211438
2003-12-18,93.00,93.379997,92.50,92.730003,6873600,71.893568
2003-12-17,93.849998,93.870003,92.849998,93.400002,6052900,72.413018
2003-12-16,92.110001,94.120003,91.879997,93.980003,7501100,72.862693
2003-12-15,93.43,93.970001,92.080002,92.110001,5964500,71.41288
2003-12-12,92.699997,93.160004,92.239998,92.709999,5079800,71.878059
2003-12-11,91.959999,92.970001,91.919998,92.400002,6412100,71.637718
2003-12-10,90.690002,92.739998,90.650002,91.730003,7138000,71.118269
2003-12-09,91.150002,92.160004,90.610001,90.629997,6971500,70.265434
2003-12-08,90.519997,91.470001,90.519997,91.199997,5342000,70.707355
2003-12-05,91.300003,91.300003,90.50,90.639999,5878400,70.273188
2003-12-04,90.050003,91.440002,90.029999,91.419998,5360400,70.877922
2003-12-03,91.150002,91.440002,90.300003,90.300003,6169800,70.009589
2003-12-02,90.57,91.480003,90.519997,90.75,5091800,70.358472
2003-12-01,90.900002,91.360001,90.480003,91.010002,5234900,70.560052
2003-11-28,89.900002,90.68,89.620003,90.540001,2195500,70.19566
2003-11-26,89.790001,90.089996,89.110001,89.910004,4146800,69.707223
2003-11-25,89.660004,89.849998,89.269997,89.43,4305700,69.335076
2003-11-24,89.029999,89.739998,88.949997,89.660004,4722200,69.513398
2003-11-21,88.400002,88.849998,88.230003,88.629997,5935400,68.714834
2003-11-20,89.300003,89.790001,88.379997,88.389999,5111000,68.528764
2003-11-19,88.32,89.830002,88.32,89.400002,4156600,69.311818
2003-11-18,89.919998,90.18,88.900002,88.949997,5284300,68.96293
2003-11-17,89.900002,90.050003,89.029999,89.800003,4748200,69.621939
2003-11-14,91.019997,91.419998,89.809998,90.25,4510200,69.970822
2003-11-13,90.400002,91.480003,90.160004,91.089996,5277900,70.622071
2003-11-12,89.449997,91.160004,89.309998,90.690002,5901700,70.311956
2003-11-11,90.00,90.029999,88.889999,89.360001,4841200,69.280805
2003-11-10,89.550003,90.470001,89.550003,89.949997,8349700,69.73823
2003-11-07,89.400002,89.599998,88.260002,88.260002,5543500,68.427977
2003-11-06,88.330002,89.589996,87.720001,89.339996,5668600,69.265296
2003-11-05,88.519997,88.879997,88.00,88.489998,6296300,68.482243
2003-11-04,89.68,89.800003,88.860001,89.139999,5146100,68.985278
2003-11-03,89.900002,90.839996,89.480003,89.68,5825200,69.403184
2003-10-31,90.709999,90.709999,89.199997,89.480003,4836200,69.248407
2003-10-30,90.00,90.169998,89.059998,89.120003,6535700,68.969803
2003-10-29,89.599998,89.940002,89.150002,89.339996,5180700,69.140056
2003-10-28,89.050003,89.900002,88.519997,89.900002,6959000,69.573443
2003-10-27,88.800003,89.099998,88.050003,88.519997,5099200,68.505459
2003-10-24,88.150002,88.639999,87.720001,88.419998,5471700,68.428071
2003-10-23,87.599998,88.400002,87.529999,88.150002,6046400,68.219121
2003-10-22,88.300003,89.010002,87.900002,88.459999,5600100,68.459027
2003-10-21,89.25,89.339996,88.699997,88.93,5287100,68.82276
2003-10-20,89.349998,89.400002,88.860001,89.00,6971300,68.876933
2003-10-17,89.279999,89.68,88.809998,89.230003,9506200,69.054932
2003-10-16,89.269997,89.699997,88.660004,89.279999,16994000,69.093624
2003-10-15,93.900002,94.540001,92.739998,92.739998,11558700,71.77131
2003-10-14,92.650002,92.949997,92.32,92.720001,4699500,71.755835
2003-10-13,93.099998,93.540001,92.580002,93.199997,4839200,72.127303
2003-10-10,92.400002,93.18,92.360001,92.669998,4500500,71.717138
2003-10-09,93.300003,93.599998,92.199997,92.449997,7593000,71.546879
2003-10-08,92.00,92.870003,91.949997,92.660004,6418900,71.709403
2003-10-07,90.50,91.699997,90.400002,91.699997,5369800,70.966456
2003-10-06,90.739998,91.760002,90.510002,91.18,3845400,70.564031
2003-10-03,91.00,91.949997,90.57,90.639999,7479300,70.146126
2003-10-02,89.550003,90.449997,89.220001,90.080002,7428300,69.712744
2003-10-01,88.75,90.599998,88.699997,90.349998,7925200,69.921694
2003-09-30,89.199997,89.25,87.900002,88.330002,7056700,68.358423
2003-09-29,89.25,90.18,89.07,89.449997,5723200,69.225185
2003-09-26,89.410004,90.139999,89.00,89.050003,5095800,68.91563
2003-09-25,89.400002,90.970001,89.199997,89.410004,6585500,69.194234
2003-09-24,91.080002,91.82,89.330002,89.400002,7575800,69.186494
2003-09-23,91.50,92.089996,90.559998,91.339996,7935200,70.687852
2003-09-22,92.239998,92.239998,90.900002,91.389999,7302600,70.726549
2003-09-19,92.449997,93.470001,91.800003,93.279999,9412500,72.189216
2003-09-18,90.629997,92.43,90.459999,92.00,8338700,71.198627
2003-09-17,90.400002,91.940002,90.199997,90.629997,9086600,70.138385
2003-09-16,88.489998,90.410004,88.489998,90.290001,7896100,69.875262
2003-09-15,89.699997,89.959999,88.389999,88.489998,7305400,68.482243
2003-09-12,87.599998,89.010002,87.199997,88.699997,7209200,68.644761
2003-09-11,86.75,88.419998,86.400002,87.919998,9753500,68.041122
2003-09-10,88.989998,89.00,87.610001,87.839996,7322600,67.979208
2003-09-09,89.199997,89.970001,88.93,89.419998,8102500,69.201969
2003-09-08,88.449997,89.660004,88.349998,89.099998,9213400,68.954322
2003-09-05,87.00,88.260002,86.75,86.949997,7896600,67.29044
2003-09-04,86.330002,88.290001,85.690002,87.910004,9889100,68.033387
2003-09-03,86.239998,87.300003,86.00,86.330002,10835700,66.810627
2003-09-02,82.400002,85.959999,82.300003,85.760002,12406400,66.369505
2003-08-29,81.949997,82.110001,81.559998,82.010002,4222700,63.467387
2003-08-28,82.00,82.339996,81.269997,81.900002,5516300,63.382258
2003-08-27,82.00,82.529999,81.900002,82.00,3834100,63.459646
2003-08-26,81.650002,82.540001,81.269997,82.50,5569600,63.846595
2003-08-25,82.849998,83.029999,81.75,81.959999,5150900,63.42869
2003-08-22,84.25,84.720001,82.959999,82.970001,7434900,64.210328
2003-08-21,83.389999,83.849998,82.849998,82.849998,5185200,64.117458
2003-08-20,82.00,83.309998,82.00,83.050003,4829900,64.272242
2003-08-19,83.099998,83.809998,82.559998,82.849998,6318300,64.117458
2003-08-18,82.050003,83.68,81.900002,83.519997,6847200,64.635969
2003-08-15,81.800003,81.980003,81.199997,81.790001,3623600,63.297128
2003-08-14,81.00,81.75,80.690002,81.559998,4562700,63.119129
2003-08-13,81.650002,82.190002,80.580002,81.199997,5138400,62.840525
2003-08-12,81.449997,81.540001,80.650002,81.510002,4634200,63.080438
2003-08-11,80.870003,81.50,80.279999,81.019997,4261200,62.701223
2003-08-08,81.050003,81.269997,80.349998,80.879997,4613800,62.592878
2003-08-07,79.690002,80.82,79.379997,80.690002,5298500,62.445842
2003-08-06,79.699997,80.68,78.730003,79.75,7472200,61.718375
2003-08-05,81.129997,81.330002,79.800003,79.849998,7018100,61.671943
2003-08-04,80.75,81.360001,80.059998,81.129997,5888000,62.660547
2003-08-01,81.150002,81.269997,80.050003,81.269997,6475400,62.768675
2003-07-31,81.800003,82.540001,81.099998,81.25,8050300,62.75323
2003-07-30,82.449997,82.449997,80.580002,80.959999,6654600,62.529249
2003-07-29,82.550003,82.879997,81.599998,81.800003,7282700,63.178024
2003-07-28,83.669998,83.699997,82.040001,82.540001,6423500,63.749559
2003-07-25,81.599998,83.739998,81.57,83.550003,6204700,64.529632
2003-07-24,82.949997,82.989998,81.510002,81.510002,5859100,62.954042
2003-07-23,82.00,82.769997,81.730003,82.300003,5326800,63.564198
2003-07-22,82.50,83.260002,81.519997,81.849998,8744300,63.216638
2003-07-21,83.199997,83.43,82.209999,82.50,7036100,63.718665
2003-07-18,83.849998,84.019997,83.209999,83.720001,8567200,64.660929
2003-07-17,82.699997,83.940002,82.50,83.330002,13515700,64.359714
2003-07-16,87.00,87.029999,85.849998,86.739998,8837600,66.993416
2003-07-15,86.150002,87.00,85.82,86.440002,7910400,66.761715
2003-07-14,86.00,86.580002,85.419998,85.419998,6455200,65.973918
2003-07-11,84.099998,85.279999,83.699997,84.889999,4534700,65.564575
2003-07-10,85.00,85.220001,83.470001,84.029999,7509200,64.900355
2003-07-09,86.099998,86.349998,84.849998,85.470001,6709700,66.012538
2003-07-08,86.089996,86.75,85.190002,86.25,5873900,66.614968
2003-07-07,84.800003,86.449997,84.739998,86.089996,7614900,66.491389
2003-07-03,84.25,84.690002,83.480003,83.949997,3009500,64.838566
2003-07-02,83.949997,84.889999,83.75,84.739998,6009700,65.448721
2003-07-01,81.400002,83.660004,81.400002,83.589996,5785800,64.560521
2003-06-30,83.900002,84.199997,82.50,82.50,7950900,63.718665
2003-06-27,84.150002,84.650002,83.220001,83.419998,4532900,64.429223
2003-06-26,83.699997,84.379997,82.82,84.349998,6374400,65.147506
2003-06-25,83.550003,84.160004,82.089996,82.489998,5548000,63.71094
2003-06-24,82.949997,84.18,82.849998,83.629997,5062800,64.591415
2003-06-23,84.790001,84.790001,82.970001,83.18,6311600,64.243861
2003-06-20,85.00,85.239998,84.690002,84.919998,11900000,65.587744
2003-06-19,84.949997,85.290001,84.50,84.550003,7277100,65.301979
2003-06-18,84.150002,84.989998,83.220001,84.699997,5941400,65.417827
2003-06-17,84.949997,84.949997,83.800003,84.300003,5873700,65.108892
2003-06-16,83.099998,84.550003,82.550003,84.50,6492100,65.26336
2003-06-13,84.150002,84.290001,82.510002,82.75,5727500,63.911752
2003-06-12,84.800003,84.980003,83.550003,83.949997,7072400,64.838566
2003-06-11,82.75,84.150002,82.290001,83.970001,9815800,64.854016
2003-06-10,82.349998,82.919998,81.209999,81.709999,8896000,63.108509
2003-06-09,80.00,82.00,79.809998,82.00,9756300,63.332491
2003-06-06,82.25,83.230003,79.839996,80.050003,15160900,61.826416
2003-06-05,84.00,84.25,81.75,81.900002,15256300,63.255257
2003-06-04,84.00,84.959999,83.830002,84.25,10734400,65.070273
2003-06-03,84.32,85.239998,83.239998,83.82,21106600,64.738163
2003-06-02,89.00,89.080002,87.25,87.330002,7697200,67.449104
2003-05-30,87.449997,88.68,87.449997,88.040001,6184200,67.99747
2003-05-29,87.57,88.589996,87.199997,87.360001,6898900,67.472274
2003-05-28,87.599998,88.699997,87.400002,87.57,6539900,67.634466
2003-05-27,84.510002,87.900002,84.510002,87.690002,7163400,67.72715
2003-05-23,85.75,85.949997,85.099998,85.260002,5187200,65.850345
2003-05-22,86.25,86.800003,85.800003,86.080002,6277300,66.48367
2003-05-21,85.769997,86.18,85.080002,86.18,6741000,66.560903
2003-05-20,86.580002,87.239998,84.889999,85.769997,7331900,66.244238
2003-05-19,88.050003,88.470001,86.410004,86.449997,7298400,66.769435
2003-05-16,89.669998,89.889999,88.949997,88.989998,6831600,68.731198
2003-05-15,89.50,89.959999,89.00,89.900002,7102900,69.434037
2003-05-14,90.00,90.400002,88.300003,88.699997,7752200,68.507216
2003-05-13,88.779999,90.099998,88.559998,89.980003,8668300,69.495826
2003-05-12,87.550003,89.260002,87.099998,89.00,8445700,68.738923
2003-05-09,86.900002,87.699997,86.400002,87.550003,6222600,67.619022
2003-05-08,86.370003,86.779999,85.75,86.050003,7188200,66.4605
2003-05-07,86.949997,87.809998,86.50,86.68,6754600,66.947077
2003-05-06,86.300003,88.339996,86.00,87.510002,7459600,67.464549
2003-05-05,87.199997,88.00,86.519997,86.519997,7632500,66.701319
2003-05-02,84.449997,87.57,84.449997,87.57,8381900,67.510804
2003-05-01,85.300003,86.230003,84.470001,85.889999,7485700,66.215632
2003-04-30,85.660004,85.669998,84.68,84.900002,8444900,65.452408
2003-04-29,85.339996,86.489998,84.970001,85.660004,8682900,66.03832
2003-04-28,84.050003,85.50,83.620003,85.120003,6363600,65.622015
2003-04-25,85.209999,85.279999,83.860001,83.879997,6790700,64.666051
2003-04-24,84.650002,85.699997,84.629997,85.199997,5943500,65.683685
2003-04-23,85.239998,85.970001,84.959999,85.75,7084500,66.107702
2003-04-22,83.360001,86.059998,82.599998,85.629997,9542600,66.015187
2003-04-21,84.400002,84.510002,83.099998,83.360001,6703400,64.265167
2003-04-17,81.889999,84.400002,81.889999,84.260002,8802100,64.95901
2003-04-16,83.379997,84.400002,82.739998,82.879997,10790700,63.895115
2003-04-15,80.07,82.849998,79.709999,82.790001,13613500,63.825734
2003-04-14,78.50,80.07,78.160004,80.07,9006000,61.728789
2003-04-11,80.099998,81.290001,78.449997,78.75,7573500,60.711155
2003-04-10,79.099998,79.25,78.129997,79.010002,6880100,60.911599
2003-04-09,79.699997,80.739998,78.629997,78.709999,8543200,60.680317
2003-04-08,80.620003,80.699997,78.470001,80.07,8057600,61.728789
2003-04-07,82.599998,82.900002,80.25,80.470001,8881400,62.037164
2003-04-04,82.349998,82.550003,80.040001,80.790001,8985000,62.283863
2003-04-03,82.32,83.480003,81.709999,81.910004,9623600,63.147313
2003-04-02,79.900002,81.970001,79.900002,81.459999,9700100,62.800389
2003-04-01,78.50,79.559998,78.120003,78.730003,7861400,60.695739
2003-03-31,79.260002,79.610001,78.309998,78.43,10169200,60.464456
2003-03-28,81.050003,81.989998,80.50,80.849998,6649200,62.330118
2003-03-27,80.75,82.330002,80.510002,81.449997,7265800,62.792678
2003-03-26,83.00,83.25,81.18,81.550003,10531600,62.869776
2003-03-25,82.00,84.00,81.739998,83.449997,8777100,64.334548
2003-03-24,82.459999,83.349998,82.230003,82.25,9352600,63.409428
2003-03-21,82.760002,84.900002,82.760002,84.900002,12625400,65.452408
2003-03-20,81.709999,82.489998,80.639999,82.199997,9046400,63.370879
2003-03-19,82.089996,82.50,81.080002,82.00,10473100,63.216694
2003-03-18,82.459999,83.50,81.489998,82.470001,10795400,63.579035
2003-03-17,78.00,82.669998,77.839996,82.459999,15193000,63.571324
2003-03-14,78.449997,79.480003,78.110001,79.00,10117700,60.903888
2003-03-13,75.989998,78.68,75.309998,78.449997,10452500,60.479872
2003-03-12,75.25,75.629997,73.169998,75.18,12773700,57.958916
2003-03-11,75.82,76.330002,75.199997,75.349998,8119200,58.089973
2003-03-10,77.449997,77.449997,75.50,75.699997,6641300,58.3598
2003-03-07,75.709999,77.989998,75.709999,77.900002,8129200,60.055861
2003-03-06,77.00,77.779999,76.699997,77.07,5876300,59.415983
2003-03-05,76.699997,77.730003,76.25,77.730003,6658000,59.924803
2003-03-04,77.599998,77.75,76.529999,76.699997,5672200,59.130735
2003-03-03,78.900002,79.00,77.120003,77.330002,6618300,59.616428
2003-02-28,77.00,78.470001,77.00,77.949997,6585200,60.094404
2003-02-27,77.900002,78.589996,76.75,77.279999,9926500,59.577879
2003-02-26,78.449997,79.050003,77.300003,77.400002,8587000,59.670393
2003-02-25,77.900002,79.370003,76.900002,79.07,7675900,60.957854
2003-02-24,79.699997,79.989998,78.559998,78.559998,6874700,60.564675
2003-02-21,79.489998,80.00,78.160004,79.949997,7453900,61.636275
2003-02-20,79.57,80.050003,78.709999,79.150002,6285100,61.01953
2003-02-19,79.080002,79.699997,78.82,79.510002,5440300,61.297067
2003-02-18,78.019997,79.50,77.910004,79.330002,7791200,61.158299
2003-02-14,76.400002,77.449997,75.349998,77.449997,8299500,59.708936
2003-02-13,76.099998,76.349998,74.309998,75.860001,11218400,58.483152
2003-02-12,77.50,78.089996,76.50,76.50,5609200,58.97655
2003-02-11,78.300003,78.970001,77.309998,77.389999,8598200,59.662682
2003-02-10,77.099998,78.019997,76.449997,77.910004,7949100,60.063572
2003-02-07,77.970001,78.150002,76.610001,77.099998,8296400,59.43911
2003-02-06,77.110001,78.199997,76.510002,77.510002,7755200,59.755197
2003-02-05,77.849998,78.900002,76.870003,77.260002,7427200,59.446825
2003-02-04,78.18,78.18,76.25,77.089996,7216200,59.316016
2003-02-03,78.199997,78.870003,77.75,78.18,6683500,60.154707
2003-01-31,77.699997,78.339996,77.019997,78.199997,9744100,60.170093
2003-01-30,81.300003,81.300003,78.300003,78.300003,7349500,60.247042
2003-01-29,79.50,80.699997,78.57,80.32,7755000,61.801305
2003-01-28,78.50,80.470001,78.360001,80.110001,8017400,61.639724
2003-01-27,77.989998,79.50,77.610001,78.419998,9307800,60.339371
2003-01-24,80.599998,81.50,78.82,78.989998,7748000,60.777951
2003-01-23,80.150002,81.360001,79.800003,81.050003,8371400,62.362998
2003-01-22,80.00,80.769997,79.389999,79.699997,9432400,61.324251
2003-01-21,81.300003,81.849998,80.50,80.540001,8926900,61.970583
2003-01-17,83.739998,83.739998,81.18,81.300003,17331200,62.555358
2003-01-16,87.400002,87.709999,85.379997,86.050003,9904300,66.210191
2003-01-15,88.580002,88.650002,86.949997,87.589996,8146600,67.395121
2003-01-14,87.230003,88.589996,87.220001,88.580002,7569100,68.156869
2003-01-13,88.309998,88.949997,87.349998,87.510002,10499000,67.33357
2003-01-10,85.849998,88.040001,85.699997,87.68,9955400,67.464374
2003-01-09,84.75,87.019997,84.75,87.00,10711600,66.941155
2003-01-08,85.550003,85.690002,84.07,84.190002,9508800,64.779035
2003-01-07,83.949997,86.18,83.75,86.00,11906900,66.171717
2003-01-06,81.900002,84.800003,81.809998,83.589996,7921300,64.317367
2003-01-03,80.699997,81.650002,80.209999,81.650002,5962300,62.82466
2003-01-02,78.800003,80.57,78.190002,80.57,7864500,61.993665
2002-12-31,77.099998,78.459999,77.099998,77.50,7871400,59.631489
2002-12-30,77.00,77.43,75.599998,76.25,8066600,58.669691
2002-12-27,78.50,79.18,76.610001,77.360001,6334100,59.523768
2002-12-26,79.809998,80.699997,78.260002,78.50,5784300,60.400927
2002-12-24,80.199997,81.00,79.760002,79.760002,2420200,61.370422
2002-12-23,79.75,81.50,79.440002,80.260002,5922200,61.755141
2002-12-20,79.400002,80.00,78.879997,79.790001,8053800,61.393504
2002-12-19,78.599998,80.339996,78.349998,78.660004,7319900,60.52404
2002-12-18,79.25,79.690002,78.239998,79.129997,6514900,60.885672
2002-12-17,80.599998,81.769997,80.029999,80.309998,6167100,61.793609
2002-12-16,79.599998,81.790001,79.050003,81.620003,8483500,62.801578
2002-12-13,79.25,80.00,78.269997,80.00,7773800,61.555085
2002-12-12,81.25,81.690002,79.699997,80.169998,7208700,61.685888
2002-12-11,80.800003,82.480003,79.989998,81.440002,6661000,62.663079
2002-12-10,78.599998,81.00,78.599998,80.800003,6869800,62.170638
2002-12-09,81.00,81.330002,79.50,79.589996,8841900,61.239613
2002-12-06,81.50,82.75,81.07,82.32,7594800,63.340182
2002-12-05,84.900002,84.980003,82.599998,83.059998,6900000,63.909565
2002-12-04,83.410004,84.860001,82.82,83.690002,10053500,64.394315
2002-12-03,86.720001,87.029999,85.150002,85.209999,7027800,65.563859
2002-12-02,88.599998,89.459999,86.300003,87.300003,9694200,67.171989
2002-11-29,87.709999,88.050003,86.760002,86.919998,2980700,66.879599
2002-11-27,85.900002,88.110001,85.849998,87.699997,8209800,67.47976
2002-11-26,86.150002,86.150002,84.389999,85.059998,8560800,65.448442
2002-11-25,84.629997,86.25,83.519997,86.199997,8651200,66.325602
2002-11-22,83.949997,85.169998,83.800003,84.43,9053300,64.963698
2002-11-21,82.050003,84.919998,82.050003,84.900002,12737200,65.325335
2002-11-20,77.949997,81.709999,77.900002,81.610001,9070900,62.793882
2002-11-19,78.239998,79.449997,77.839996,78.370003,6918400,60.300902
2002-11-18,80.800003,80.989998,79.080002,79.18,7321300,60.924146
2002-11-15,80.379997,80.400002,79.010002,80.010002,11367800,61.562781
2002-11-14,80.379997,80.989998,79.400002,80.720001,9662800,62.109082
2002-11-13,79.50,80.330002,77.980003,79.349998,11984700,61.054949
2002-11-12,77.50,79.900002,77.300003,79.150002,9027700,60.901064
2002-11-11,77.589996,78.360001,76.699997,77.290001,7386400,59.469907
2002-11-08,78.50,79.290001,77.199997,77.589996,8119600,59.700735
2002-11-07,80.00,80.00,78.32,78.949997,11036800,60.747172
2002-11-06,80.800003,81.879997,80.050003,81.540001,10480800,62.740021
2002-11-05,81.75,82.010002,80.470001,81.68,10466700,62.732325
2002-11-04,81.989998,83.809998,81.699997,82.50,12006000,63.362105
2002-11-01,78.900002,80.50,78.32,80.400002,9395200,61.749253
2002-10-31,78.669998,79.790001,78.50,78.940002,9864300,60.627936
2002-10-30,77.00,79.400002,76.019997,78.669998,12865800,60.420566
2002-10-29,76.559998,77.050003,74.199997,76.739998,11455200,58.938277
2002-10-28,75.150002,77.50,74.559998,76.559998,12544900,58.800032
2002-10-25,72.50,74.620003,72.160004,74.559998,7514200,57.263981
2002-10-24,75.50,75.550003,71.75,72.099998,10524000,55.374639
2002-10-23,74.400002,74.970001,72.459999,74.599998,12441900,57.294702
2002-10-22,74.50,75.68,73.620003,74.489998,10371500,57.210219
2002-10-21,73.650002,75.900002,72.940002,75.550003,10875700,58.02433
2002-10-18,71.730003,74.25,70.260002,74.25,12482900,57.025895
2002-10-17,72.800003,73.00,71.230003,72.199997,21344600,55.45144
2002-10-16,66.599998,67.00,64.239998,64.900002,15900200,49.844857
2002-10-15,67.75,68.480003,66.580002,68.480003,14600200,52.59439
2002-10-14,61.540001,63.799999,61.540001,63.419998,7925300,48.708177
2002-10-11,62.00,63.919998,61.50,63.919998,17853800,49.09219
2002-10-10,54.650002,58.48,54.009998,57.580002,12670600,44.222911
2002-10-09,56.049999,56.700001,54.810001,55.07,12156000,42.295165
2002-10-08,57.779999,58.09,54.799999,57.049999,14744500,43.815855
2002-10-07,56.599998,58.50,56.599998,56.860001,9641600,43.669931
2002-10-04,59.50,59.509998,55.77,56.599998,14551900,43.470243
2002-10-03,60.299999,61.16,58.950001,60.00,11001100,46.081531
2002-10-02,61.18,62.00,58.349998,59.630001,10653300,45.797362
2002-10-01,59.200001,61.98,58.990002,61.169998,11642800,46.980119
2002-09-30,59.549999,59.889999,57.990002,58.310001,13020100,44.783569
2002-09-27,61.43,63.490002,60.310001,60.360001,8793100,46.358021
2002-09-26,64.199997,64.879997,61.330002,62.02,12368800,47.632943
2002-09-25,61.200001,63.77,60.990002,63.009998,13119200,48.393287
2002-09-24,61.080002,63.299999,59.549999,59.75,16710100,45.889525
2002-09-23,63.75,63.75,62.369999,63.369999,8377100,48.669776
2002-09-20,65.400002,65.400002,63.900002,63.919998,14195200,49.09219
2002-09-19,64.800003,66.480003,64.650002,64.800003,22034900,49.768056
2002-09-18,70.650002,70.900002,68.860001,69.550003,12712700,53.416177
2002-09-17,73.00,73.449997,71.349998,71.75,6195100,55.105831
2002-09-16,72.00,72.720001,71.230003,72.32,4595200,55.543605
2002-09-13,71.50,72.879997,71.309998,72.50,5949600,55.68185
2002-09-12,74.050003,74.050003,71.639999,71.870003,6707400,55.197996
2002-09-11,76.400002,77.50,74.059998,74.199997,5394400,56.987491
2002-09-10,74.599998,75.599998,73.849998,75.599998,5538300,58.062728
2002-09-09,72.449997,74.980003,71.849998,74.50,5785000,57.217901
2002-09-06,73.75,73.989998,73.07,73.199997,4586500,56.219466
2002-09-05,72.739998,72.849998,71.50,72.18,6467700,55.436082
2002-09-04,72.349998,73.989998,71.599998,73.730003,6264600,56.626524
2002-09-03,74.199997,75.00,72.300003,72.349998,6849400,55.566645